,title
0,Ditto
1,사건의 지평선
2,Hype boy
3,ANTIFRAGILE
4,NOT SORRY (Feat. pH-1) (Prod. by Slom)
5,Candy
6,마이웨이 (MY WAY) (Prod. R.Tee)
7,After LIKE
8,Nxde
9,Attention
10,새삥 (Prod. ZICO) (Feat. 호미들)
11,Snowman
12,LOVE DIVE
13,All I Want for Christmas Is You
14,Dreamers [Music from the FIFA World Cup Qatar 2022 Official Soundtrack] (Feat. FIFA Sound)
15,Monologue
16,Santa Tell Me
17,Shut Down
18,Rush Hour (Feat. j-hope of BTS)
19,"눈 (EYE) (Feat. BIG Naughty, 저스디스 (JUSTHIS)) (Prod. R.Tee)"
20,사랑은 늘 도망가
21,해요 (2022)
22,Pink Venom
23,잘가요
24,너의 모든 순간
25,자격지심 (Feat. ZICO)
26,WHEN I MOVE
27,사랑인가 봐
28,Cookie
29,딱 10CM만
30,내가 아니라도
31,미리 메리 크리스마스 (Feat. 천둥 Of MBLAQ)
32,그때 그 순간 그대로 (그그그)
33,Last Christmas
34,TOMBOY
35,크리스마스니까
36,위하여 (We Higher) (Prod. GroovyRoom)
37,그대를 알고
38,첫 눈
39,그라데이션
40,정이라고 하자 (Feat. 10CM)
41,그 겨울이 잠든 거리에서
42,FEARLESS
43,취중고백
44,"나침반 (Feat. UNEDUCATED KID, 수퍼비 (SUPERBEE)) (Prod. R.Tee)"
45,나의 X에게
46,우리들의 블루스
47,ELEVEN
48,다정히 내 이름을 부르면
49,우린 그렇게 사랑해서
50,보고싶었어
51,떠나보낼 준비해 둘걸 그랬어
52,That's Hilarious
53,"모든 날, 모든 순간 (Every day, Every Moment)"
54,LOVE me
55,WE (Feat. 박재범) (Prod. by Slom)
56,내 기쁨은 너가 벤틀리를 끄는 거야
57,첫사랑
58,I Don't Think That I Like Her
59,다시 만날 수 있을까
60,밤하늘의 별을(2020)
61,새벽에 걸려온 너의 전화는
62,Graduation
63,주저하는 연인들을 위해
64,흩어지지 않게
65,STAY
66,"Flick (Feat. BE'O (비오), 김하온 (HAON)) (Prod. GroovyRoom)"
67,That That (prod. & feat. SUGA of BTS)
68,봄여름가을겨울 (Still Life)
69,Dynamite
70,Make It To Christmas
71,Love story
72,으리으리 (Feat. 호미들)
73,이제 나만 믿어요
74,FOREVER 1
75,도깨비불 (Illusion)
76,눈이 오잖아(Feat.헤이즈)
77,London Boy
78,Butter
79,SNEAKERS
80,봄날
81,무지개
82,사랑한다고 말해줘
83,Tangerine Love (Favorite)
84,고백연습
85,Polaroid
86,Off My Face
87,아버지
88,발자국 (Walk With You)
89,스티커 사진
90,Permission to Dance
91,신호등
92,Feel My Rhythm
93,문 (Moon)
94,오르트구름
95,POP!
96,드라마
97,Yet To Come
98,입김 (Take My Breath)
99,내 손을 잡아
